{
  "Jeepers Inc. (DB Brokerage)": {
    "x": 1128,
    "y": 0
  },
  "Jeffrey Epstein": {
    "x": 1126.8802302063223,
    "y": 50.248848445968804
  },
  "Leon Black": {
    "x": 1123.5231440245639,
    "y": 100.39793245460271
  },
  "Southern Trust Company": {
    "x": 1117.935406638592,
    "y": 150.3476856616225
  },
  "Barry Jay Josephson": {
    "x": 1110.1281119837606,
    "y": 199.99893745560473
  },
  "Black Family Partners": {
    "x": 1100.1167607209297,
    "y": 249.25310987205071
  },
  "Jeepers Inc.": {
    "x": 1087.9212294613367,
    "y": 298.0124133108106
  },
  "UNKNOWN": {
    "x": 1073.5657313034255,
    "y": 346.18004068828253
  },
  "Adam Bly": {
    "x": 1057.0787677599808,
    "y": 393.66035963891613
  },
  "Southern Financial": {
    "x": 1038.4930721710116,
    "y": 440.3591023844221
  },
  "Barack Ferrazzano Kirschbaum & Nagelberg Client Fund": {
    "x": 1017.8455447147365,
    "y": 486.1835528937207
  },
  "Island Global Yachting Ltd.": {
    "x": 995.1771791456938,
    "y": 531.042730962038
  },
  "Joichi Ito": {
    "x": 970.5329814054372,
    "y": 574.8475728436829
  },
  "Narrow Holdings": {
    "x": 943.9618802674046,
    "y": 617.5111080798679
  },
  "Tudor Futures Fund": {
    "x": 915.5166301933671,
    "y": 658.9486321705066
  },
  "Neoteny 3 LP": {
    "x": 885.2537065943296,
    "y": 699.0778747471562
  },
  "AIC Title Agency": {
    "x": 853.2331937038283,
    "y": 737.8191629132203
  },
  "Seed Media Group": {
    "x": 819.5186652862482,
    "y": 775.0955794271093
  },
  "Stone & Magnanini LLP": {
    "x": 784.1770584169966,
    "y": 810.8331154143042
  },
  "Kellerhals Ferguson Kroblin PLLC": {
    "x": 747.278540585138,
    "y": 844.9608173051259
  },
  "Edmond de Rothschild (Suisse) SA": {
    "x": 708.8963703823382,
    "y": 877.4109277064805
  },
  "Benjamin Edmond de Rothschild": {
    "x": 669.1067520547128,
    "y": 908.1190199278909
  },
  "Gratitude America": {
    "x": 627.9886842063485,
    "y": 937.0241258947281
  },
  "Bruce & Marsha Moskowitz Foundation": {
    "x": 585.6238029548889,
    "y": 964.0688571946786
  },
  "Melanoma Research Alliance Foundation": {
    "x": 542.0962198505794,
    "y": 989.1995190171255
  },
  "Gol Muchnik": {
    "x": 497.4923548805685,
    "y": 1012.3662167592253
  },
  "Delson International Inc.": {
    "x": 451.90076489002433,
    "y": 1033.5229550870222
  },
  "Kyara Investments I": {
    "x": 405.41196776071445,
    "y": 1052.6277292549278
  },
  "Coatue Enterprises LLC": {
    "x": 358.1182626961321,
    "y": 1069.642608502253
  },
  "Christie's Inc.": {
    "x": 310.1135469699691,
    "y": 1084.533811361225
  },
  "The Haze Trust (Checking)": {
    "x": 261.49312950177205,
    "y": 1097.271772726962
  },
  "Sultan Bin Sulayem": {
    "x": 212.353541629904,
    "y": 1107.8312025562543
  },
  "Cancer Research Wellness Institute": {
    "x": 162.79234545750847,
    "y": 1116.1911360786034
  },
  "Sotheby's": {
    "x": 112.90794015198304,
    "y": 1122.3349754198325
  },
  "Jamie Mitchell": {
    "x": 62.79936658254175,
    "y": 1126.2505225556308
  },
  "NLR Resorts International LLC": {
    "x": 12.566110683736344,
    "y": 1127.9300035296003
  },
  "Blockchain Capital IV LP": {
    "x": -37.69209406465661,
    "y": 1127.370083887727
  },
  "The 2017 Caterpillar Trust": {
    "x": -87.8754646492308,
    "y": 1124.571875298632
  },
  "Blockchain Capital III Digital Liquid Venture Fund LP": {
    "x": -137.8843666328835,
    "y": 1119.5409333464536
  },
  "Blockchain Capital Parallel Fund IV LP": {
    "x": -187.61951196977068,
    "y": 1112.2872465007522
  },
  "David J Mitchell": {
    "x": -236.9821561325297,
    "y": 1102.8252162853266
  },
  "NPO Baleto Teatras": {
    "x": -285.8742941603983,
    "y": 1091.1736286853225
  },
  "The Haze Trust": {
    "x": -334.19885523899495,
    "y": 1077.3556168493972
  },
  "Southern Financial LLC (Checking)": {
    "x": -381.8598954254316,
    "y": 1061.3986151609952
  },
  "Southern Financial LLC (DBAGNY)": {
    "x": -428.7627881361334,
    "y": 1043.3343047699186
  },
  "VSJ Baleto Teatras": {
    "x": -474.81441201916175,
    "y": 1023.1985506923364
  },
  "Southern Trust Company Inc. (Checking)": {
    "x": -519.923335838038,
    "y": 1001.0313306041159
  },
  "Link Rockenbach P.A.": {
    "x": -563.9999999999998,
    "y": 976.8766554688468
  },
  "HSBC Bank Bermuda Limited": {
    "x": -606.9568943682843,
    "y": 950.7824821581471
  },
  "Deutsche Bank": {
    "x": -648.7087320054021,
    "y": 922.8006182377336
  },
  "Darren Indyke": {
    "x": -689.1726185024584,
    "y": 892.986619108296
  },
  "GROFF": {
    "x": -728.2682165583292,
    "y": 861.3996777053906
  },
  "MOBILE APP": {
    "x": -765.9179054819344,
    "y": 828.1025069773467
  },
  "APP STORE": {
    "x": -802.0469353009381,
    "y": 793.1612153745119
  },
  "BELLA_KLEIN": {
    "x": -836.5835751708961,
    "y": 756.645175597044
  },
  "KAHN": {
    "x": -869.4592557902098,
    "y": 718.6268868618363
  },
  "JPMorgan": {
    "x": -900.608705538128,
    "y": 679.1818309620315
  },
  "BRICE GORDON": {
    "x": -929.9700800655054,
    "y": 638.3883224049116
  },
  "LEXINGTON": {
    "x": -957.4850850810369,
    "y": 596.3273529256893
  },
  "BOFA": {
    "x": -983.0990920891736,
    "y": 553.0824306859174
  },
  "CASRIEL": {
    "x": -1006.7612468499459,
    "y": 508.73941447576317
  },
  "Ghislaine Maxwell": {
    "x": -1028.4245703453498,
    "y": 463.3863432493262
  },
  "STACKMAN": {
    "x": -1048.046052051838,
    "y": 417.1132613314471
  },
  "MONIQUE HARRY": {
    "x": -1065.5867353337323,
    "y": 370.01203964303426
  },
  "EMAD HANNA": {
    "x": -1081.0117947880199,
    "y": 322.17619329985257
  },
  "REMITTANCE ADVICE": {
    "x": -1094.2906053869656,
    "y": 273.70069594692046
  },
  "BOX 371461": {
    "x": -1105.39680328127,
    "y": 224.68179119712732
  },
  "Citibank": {
    "x": -1114.3083381430529,
    "y": 175.21680154844734
  },
  "YELLOW CAB": {
    "x": -1121.0075169447368,
    "y": 125.40393515913169
  },
  "ROBERT CRITTON": {
    "x": -1125.4810390869168,
    "y": 75.34209086449728
  },
  "D. CRITTON": {
    "x": -1127.7200228054683,
    "y": 25.130661822446953
  },
  "ROBERT D. CRITTON": {
    "x": -1127.7200228054683,
    "y": -25.130661822446676
  },
  "ORDER STATUS": {
    "x": -1125.4810390869168,
    "y": -75.3420908644965
  },
  "BNY Mellon": {
    "x": -1121.0075169447368,
    "y": -125.40393515913091
  },
  "NEED HELP": {
    "x": -1114.3083381430529,
    "y": -175.21680154844705
  },
  "PAUL_MORRIS": {
    "x": -1105.39680328127,
    "y": -224.68179119712707
  },
  "JUN 30": {
    "x": -1094.2906053869656,
    "y": -273.7006959469202
  },
  "SIOUX FALLS": {
    "x": -1081.0117947880199,
    "y": -322.1761932998523
  },
  "NES LLC": {
    "x": -1065.5867353337323,
    "y": -370.0120396430339
  },
  "Financial Trust": {
    "x": -1048.046052051838,
    "y": -417.1132613314473
  },
  "ALFREDO RODRIGUEZ": {
    "x": -1028.4245703453498,
    "y": -463.3863432493264
  },
  "PRIMARY MODERATE": {
    "x": -1006.761246849946,
    "y": -508.73941447576294
  },
  "EXHIBIT C": {
    "x": -983.099092089174,
    "y": -553.0824306859167
  },
  "HYPERION AIR INC": {
    "x": -957.4850850810373,
    "y": -596.3273529256887
  },
  "JULIANA SHKRELI": {
    "x": -929.9700800655058,
    "y": -638.388322404911
  },
  "MOLLY LADD": {
    "x": -900.6087055381281,
    "y": -679.1818309620313
  },
  "KATHY RUEMMLER": {
    "x": -869.45925579021,
    "y": -718.626886861836
  },
  "VISOSKI": {
    "x": -836.5835751708963,
    "y": -756.6451755970438
  },
  "JEGE LLC": {
    "x": -802.0469353009383,
    "y": -793.1612153745117
  },
  "CHELSEY DEVON": {
    "x": -765.9179054819346,
    "y": -828.1025069773465
  },
  "HALPERIN": {
    "x": -728.2682165583293,
    "y": -861.3996777053903
  },
  "ACCT NAME": {
    "x": -689.1726185024582,
    "y": -892.9866191082962
  },
  "POTTERY BARN": {
    "x": -648.708732005402,