{
  "Jeepers Inc. (DB Brokerage)": {
    "x": 565.6743282057147,
    "y": 869.6954627276988
  },
  "Jeffrey Epstein": {
    "x": 429.07925677173887,
    "y": 896.7378266531105
  },
  "Leon Black": {
    "x": 93.7042398185072,
    "y": -269.56012880746135
  },
  "Southern Trust Company": {
    "x": 186.9707504780928,
    "y": -117.83739651264582
  },
  "Barry Jay Josephson": {
    "x": 514.620918325491,
    "y": 936.5174553866564
  },
  "Black Family Partners": {
    "x": 209.04574219882142,
    "y": -154.64241660971402
  },
  "Jeepers Inc.": {
    "x": 591.3987755271185,
    "y": 858.259450265941
  },
  "UNKNOWN": {
    "x": 495.9217627604186,
    "y": 874.2924407658853
  },
  "Adam Bly": {
    "x": 497.4551248780286,
    "y": 965.9265650254055
  },
  "Southern Financial": {
    "x": 619.8902651841898,
    "y": -95.33965716991904
  },
  "Barack Ferrazzano Kirschbaum & Nagelberg Client Fund": {
    "x": 642.5836330803666,
    "y": -138.65473318037024
  },
  "Island Global Yachting Ltd.": {
    "x": 508.74383380457425,
    "y": 900.0296147583754
  },
  "Joichi Ito": {
    "x": 555.3825428542544,
    "y": -103.49943468919918
  },
  "Narrow Holdings": {
    "x": 229.82316876186894,
    "y": -136.91817925528193
  },
  "Tudor Futures Fund": {
    "x": 656.0641591497799,
    "y": -113.56111165894245
  },
  "Neoteny 3 LP": {
    "x": 662.8264690958613,
    "y": -80.9267447578026
  },
  "AIC Title Agency": {
    "x": 439.41056166453933,
    "y": 961.3144749415839
  },
  "Seed Media Group": {
    "x": 462.30096931967995,
    "y": 979.9192060620618
  },
  "Stone & Magnanini LLP": {
    "x": 490.80578487893183,
    "y": 920.9557107791081
  },
  "Kellerhals Ferguson Kroblin PLLC": {
    "x": 405.80355003899524,
    "y": 953.2932516852898
  },
  "Edmond de Rothschild (Suisse) SA": {
    "x": 220.30150451201237,
    "y": -86.54456361781757
  },
  "Benjamin Edmond de Rothschild": {
    "x": 233.66990261007516,
    "y": -111.32128144567193
  },
  "Gratitude America": {
    "x": -2.5114517136592696,
    "y": 378.9701722471563
  },
  "Bruce & Marsha Moskowitz Foundation": {
    "x": 10.197042286336018,
    "y": 426.62446030862606
  },
  "Melanoma Research Alliance Foundation": {
    "x": 32.4793301771466,
    "y": 412.27347297817255
  },
  "Gol Muchnik": {
    "x": 474.43952367301205,
    "y": 948.6315530044928
  },
  "Delson International Inc.": {
    "x": 483.86705618543056,
    "y": 846.1210330525166
  },
  "Kyara Investments I": {
    "x": 686.9051179221508,
    "y": -113.31636465177556
  },
  "Coatue Enterprises LLC": {
    "x": 638.7364206851776,
    "y": -56.93502026413026
  },
  "Christie's Inc.": {
    "x": -91.3802566676397,
    "y": 828.2824442501733
  },
  "The Haze Trust (Checking)": {
    "x": -104.6928338595663,
    "y": 804.3496656563939
  },
  "Sultan Bin Sulayem": {
    "x": 493.3736011481832,
    "y": 1014.0140576125725
  },
  "Cancer Research Wellness Institute": {
    "x": -16.71322462766645,
    "y": 431.9596031851052
  },
  "Sotheby's": {
    "x": -114.37639386184946,
    "y": 831.9317379621091
  },
  "Jamie Mitchell": {
    "x": 393.4397310737963,
    "y": 980.7710962039428
  },
  "NLR Resorts International LLC": {
    "x": 428.41469287205143,
    "y": 992.5242339319188
  },
  "Blockchain Capital IV LP": {
    "x": -544.1485478946375,
    "y": 1161.5043621372943
  },
  "The 2017 Caterpillar Trust": {
    "x": -538.7119040974674,
    "y": 1137.1153340067642
  },
  "Blockchain Capital III Digital Liquid Venture Fund LP": {
    "x": -519.9187850976305,
    "y": 1109.5445232330412
  },
  "Blockchain Capital Parallel Fund IV LP": {
    "x": -562.961153002431,
    "y": 1134.5525692546253
  },
  "David J Mitchell": {
    "x": 373.43187494668797,
    "y": 944.3242887916905
  },
  "NPO Baleto Teatras": {
    "x": -40.03436348961032,
    "y": 415.6212331557084
  },
  "The Haze Trust": {
    "x": 112.01551656989095,
    "y": 258.62654170148573
  },
  "Southern Financial LLC (Checking)": {
    "x": 142.80944160303173,
    "y": 252.79921358119825
  },
  "Southern Financial LLC (DBAGNY)": {
    "x": 115.28976350278937,
    "y": 291.0850223048683
  },
  "VSJ Baleto Teatras": {
    "x": 8.585220900548709,
    "y": 461.30471509139835
  },
  "Southern Trust Company Inc. (Checking)": {
    "x": 139.09260522716207,
    "y": 279.0358716631622
  },
  "Link Rockenbach P.A.": {
    "x": 366.33150713261375,
    "y": 906.7428846927661
  },
  "HSBC Bank Bermuda Limited": {
    "x": -135.93379909322246,
    "y": 821.9883047051644
  },
  "Deutsche Bank": {
    "x": 5.414489158250053,
    "y": 86.28738809351937
  },
  "Darren Indyke": {
    "x": -481.5049893302899,
    "y": 88.38493740643628
  },
  "GROFF": {
    "x": -765.302525878737,
    "y": 489.3246154798007
  },
  "MOBILE APP": {
    "x": 428.2822945620336,
    "y": 635.0662534829646
  },
  "APP STORE": {
    "x": 410.63607651853283,
    "y": 646.6039071473526
  },
  "BELLA_KLEIN": {
    "x": -289.7936733150127,
    "y": 547.4470835085951
  },
  "KAHN": {
    "x": -214.845215833956,
    "y": 651.1057694382092
  },
  "JPMorgan": {
    "x": -23.16103413606753,
    "y": -94.11189598954792
  },
  "BRICE GORDON": {
    "x": -394.7737515497362,
    "y": 722.6691871130479
  },
  "LEXINGTON": {
    "x": -649.9104693633487,
    "y": 433.83564053872726
  },
  "BOFA": {
    "x": -93.26399916851581,
    "y": -217.7850167885685
  },
  "CASRIEL": {
    "x": -933.4707285696315,
    "y": -380.2987633888778
  },
  "Ghislaine Maxwell": {
    "x": -918.1898883462887,
    "y": -433.35183813555955
  },
  "STACKMAN": {
    "x": -937.3374007320742,
    "y": -345.7710248008543
  },
  "MONIQUE HARRY": {
    "x": -676.1097951554788,
    "y": 106.02781754271926
  },
  "EMAD HANNA": {
    "x": -651.1628327522435,
    "y": 104.04987995846295
  },
  "REMITTANCE ADVICE": {
    "x": -382.2042123577192,
    "y": -94.47354177720365
  },
  "BOX 371461": {
    "x": -401.79076280813143,
    "y": -119.44301329947479
  },
  "Citibank": {
    "x": -11.93980263079364,
    "y": 191.50884353648428
  },
  "YELLOW CAB": {
    "x": -1268.8158354298864,
    "y": 285.30937444406266
  },
  "ROBERT CRITTON": {
    "x": -1250.7306091731552,
    "y": 281.80606428151316
  },
  "D. CRITTON": {
    "x": -426.6047830065986,
    "y": -888.5273544578101
  },
  "ROBERT D. CRITTON": {
    "x": -408.9655485070626,
    "y": -851.26177746689
  },
  "ORDER STATUS": {
    "x": -692.7177423594578,
    "y": 433.40272781644126
  },
  "BNY Mellon": {
    "x": -60.27264288961529,
    "y": -35.2733512904409
  },
  "NEED HELP": {
    "x": -980.3778614254227,
    "y": -381.6588947832917
  },
  "PAUL_MORRIS": {
    "x": 15.004681794679456,
    "y": 784.1080173564621
  },
  "JUN 30": {
    "x": -964.7761907452779,
    "y": -357.574399662916
  },
  "SIOUX FALLS": {
    "x": -16.70610776848885,
    "y": 230.67720002118173
  },
  "NES LLC": {
    "x": -1023.6852943673429,
    "y": -492.14821336554485
  },
  "Financial Trust": {
    "x": 130.1748170168808,
    "y": 163.2292220821878
  },
  "ALFREDO RODRIGUEZ": {
    "x": 393.6057949479871,
    "y": 582.7923920114406
  },
  "PRIMARY MODERATE": {
    "x": -961.0195121870602,
    "y": -403.55213051242515
  },
  "EXHIBIT C": {
    "x": -370.26652947559205,
    "y": -251.60592394078623
  },
  "HYPERION AIR INC": {
    "x": -356.07166063783245,
    "y": -227.4926727149882
  },
  "JULIANA SHKRELI": {
    "x": -197.42496661385127,
    "y": -996.5327238616362
  },
  "MOLLY LADD": {
    "x": -201.68959329995832,
    "y": -1025.6243168033072
  },
  "KATHY RUEMMLER": {
    "x": -316.5891907760873,
    "y": 494.1258435556465
  },
  "VISOSKI": {
    "x": -530.1536358890205,
    "y": -85.35513367598617
  },
  "JEGE LLC": {
    "x": -555.9400392020117,
    "y": -111.8851667885867
  },
  "CHELSEY DEVON": {
    "x": -111.15345176206347,
    "y": -107.96921506675397
  },
  "HALPERIN": {
    "x": 86.3352291589878,
    "y": -317.0168738123952
  },
  "ACCT NAME": {
    "x": -670.735947195951,
    "y": 459.4752831045382
  },