{
  "Jeffrey Epstein": {
    "x": 0,
    "y": 0
  },
  "Jeepers Inc. (DB Brokerage)": {
    "x": 120,
    "y": 0
  },
  "Barry Jay Josephson": {
    "x": 115.55007448173592,
    "y": 32.375612538842915
  },
  "UNKNOWN": {
    "x": 102.53032854557863,
    "y": 62.35007400425203
  },
  "Adam Bly": {
    "x": 81.9063771862385,
    "y": 87.70031571337488
  },
  "Island Global Yachting Ltd.": {
    "x": 55.20780452773826,
    "y": 106.54622620828502
  },
  "AIC Title Agency": {
    "x": 24.414721566316075,
    "y": 117.49009052187874
  },
  "Seed Media Group": {
    "x": -8.189089603760506,
    "y": 119.7202523028647
  },
  "Stone & Magnanini LLP": {
    "x": -40.18555346051834,
    "y": 113.07131065425847
  },
  "Kellerhals Ferguson Kroblin PLLC": {
    "x": -69.20163865378404,
    "y": 98.03638716125305
  },
  "Gol Muchnik": {
    "x": -93.08535488453039,
    "y": 75.73055331912632
  },
  "Delson International Inc.": {
    "x": -110.06535618065433,
    "y": 47.80813078154901
  },
  "Sultan Bin Sulayem": {
    "x": -118.88231352435969,
    "y": 16.339997891549597
  },
  "Jamie Mitchell": {
    "x": -118.88231352435969,
    "y": -16.33999789154957
  },
  "NLR Resorts International LLC": {
    "x": -110.06535618065438,
    "y": -47.80813078154894
  },
  "David J Mitchell": {
    "x": -93.08535488453037,
    "y": -75.73055331912633
  },
  "Link Rockenbach P.A.": {
    "x": -69.20163865378406,
    "y": -98.03638716125303
  },
  "ALFREDO RODRIGUEZ": {
    "x": -40.18555346051836,
    "y": -113.07131065425845
  },
  "Darren Indyke": {
    "x": -8.189089603760562,
    "y": -119.7202523028647
  },
  "DAVID STERN": {
    "x": 24.4147215663161,
    "y": -117.49009052187874
  },
  "Deutsche Bank": {
    "x": 55.20780452773828,
    "y": -106.54622620828502
  },
  "JPMorgan": {
    "x": 81.90637718623843,
    "y": -87.70031571337495
  },
  "PAUL_MORRIS": {
    "x": 102.53032854557857,
    "y": -62.35007400425212
  },
  "KAHN": {
    "x": 115.5500744817359,
    "y": -32.37561253884293
  },
  "Jeepers Inc.": {
    "x": 240,
    "y": 0
  },
  "LEXINGTON": {
    "x": 234.3889333704208,
    "y": 51.592905650645775
  },
  "EMAD HANNA": {
    "x": 217.81810072102968,
    "y": 100.7733843744635
  },
  "PAUL V": {
    "x": 191.0623357693545,
    "y": 145.24181164650363
  },
  "WARWICK WICKSMAN": {
    "x": 155.37270834763865,
    "y": 182.91889323063276
  },
  "SHULIAK": {
    "x": 112.41802576794964,
    "y": 212.0428906670455
  },
  "BENEFICIARY NAME": {
    "x": 64.20680124701303,
    "y": 231.2519982046135
  },
  "REMITTANCE ADVICE": {
    "x": 12.993338060500227,
    "y": 239.6480193242697
  },
  "VISOSKI": {
    "x": -38.82767917266354,
    "y": 236.8383654099663
  },
  "JACK GOLDBER": {
    "x": -88.83315728157947,
    "y": 222.95441275602994
  },
  "Southern Trust Company": {
    "x": -134.68489568697174,
    "y": 198.64535955765373
  },
  "The Haze Trust": {
    "x": -174.23891806155135,
    "y": 165.04787012482166
  },
  "BOFA": {
    "x": -205.64572228022138,
    "y": 123.73292572248529
  },
  "Southern Financial": {
    "x": -227.43676108387257,
    "y": 76.63236723263526
  },
  "Citibank": {
    "x": -238.5931097170463,
    "y": 25.94856442174606
  },
  "BNY Mellon": {
    "x": -238.5931097170463,
    "y": -25.948564421746003
  },
  "Gratitude America": {
    "x": -227.4367610838726,
    "y": -76.63236723263519
  },
  "Butterfly Trust": {
    "x": -205.64572228022146,
    "y": -123.73292572248513
  },
  "TAZIA SMITH": {
    "x": -174.23891806155137,
    "y": -165.04787012482163
  },
  "CASRIEL": {
    "x": -134.6848956869718,
    "y": -198.6453595576537
  },
  "Leon Black": {
    "x": -88.83315728157947,
    "y": -222.95441275602994
  },
  "Ghislaine Maxwell": {
    "x": -38.827679172663544,
    "y": -236.8383654099663
  },
  "HARRY BELLER": {
    "x": 12.993338060500008,
    "y": -239.64801932426974
  },
  "JUN 14": {
    "x": 64.20680124701303,
    "y": -231.2519982046135
  },
  "STEPANIAN": {
    "x": 112.41802576794949,
    "y": -212.04289066704558
  },
  "BELLA_KLEIN": {
    "x": 155.37270834763854,
    "y": -182.91889323063282
  },
  "BRICE GORDON": {
    "x": 191.06233576935443,
    "y": -145.24181164650375
  },
  "ADAM BLY": {
    "x": 217.81810072102965,
    "y": -100.77338437446359
  },
  "JOE PAGANO": {
    "x": 234.3889333704208,
    "y": -51.592905650645854
  },
  "GROFF": {
    "x": 360,
    "y": 0
  },
  "ORDER STATUS": {
    "x": 356.64694057307906,
    "y": 49.019993674648774
  },
  "ACCT NAME": {
    "x": 346.65022344520776,
    "y": 97.12683761652873
  },
  "MONIQUE HARRY": {
    "x": 330.1960685419631,
    "y": 143.42439234464692
  },
  "JEAN-LUC BRUNEL": {
    "x": 307.59098563673587,
    "y": 187.05022201275608
  },
  "BOX 371461": {
    "x": 279.2560646535912,
    "y": 227.191659957379
  },
  "PLAN D LLC": {
    "x": 245.71913155871547,
    "y": 263.1009471401247
  },
  "JEGE LLC": {
    "x": 207.60491596135216,
    "y": 294.1091614837591
  },
  "HYPERION AIR INC": {
    "x": 165.62341358321478,
    "y": 319.63867862485506
  },
  "Black Family Partners": {
    "x": 120.55666038155498,
    "y": 339.2139319627754
  },
  "Narrow Holdings": {
    "x": 73.24416469894823,
    "y": 352.4702715656362
  },
  "Edmond de Rothschild (Suisse) SA": {
    "x": 24.56726881128156,
    "y": 359.16075690859407
  },
  "Benjamin Edmond de Rothschild": {
    "x": -24.567268811281515,
    "y": 359.16075690859407
  },
  "DAPHNE WALLACE": {
    "x": -73.24416469894811,
    "y": 352.47027156563627
  },
  "Financial Trust": {
    "x": -120.55666038155502,
    "y": 339.2139319627754
  },
  "Joichi Ito": {
    "x": -165.62341358321476,
    "y": 319.63867862485506
  },
  "Southern Financial LLC (Checking)": {
    "x": -207.60491596135216,
    "y": 294.1091614837592
  },
  "Southern Financial LLC (DBAGNY)": {
    "x": -245.71913155871542,
    "y": 263.10094714012473
  },
  "Southern Trust Company Inc. (Checking)": {
    "x": -279.2560646535912,
    "y": 227.19165995737896
  },
  "The Haze Trust (Checking)": {
    "x": -307.59098563673587,
    "y": 187.05022201275605
  },
  "CHELSEY DEVON": {
    "x": -330.19606854196303,
    "y": 143.42439234464703
  },
  "RICHARD RESSLER": {
    "x": -346.6502234452077,
    "y": 97.1268376165289
  },
  "ALEXANDERSON": {
    "x": -356.64694057307906,
    "y": 49.019993674648795
  },
  "Barack Ferrazzano Kirschbaum & Nagelberg Client Fund": {
    "x": -360,
    "y": 4.4087284769304716e-14
  },
  "Tudor Futures Fund": {
    "x": -356.64694057307906,
    "y": -49.0199936746487
  },
  "Neoteny 3 LP": {
    "x": -346.65022344520776,
    "y": -97.12683761652866
  },
  "Kyara Investments I": {
    "x": -330.19606854196314,
    "y": -143.42439234464683
  },
  "Coatue Enterprises LLC": {
    "x": -307.59098563673587,
    "y": -187.0502220127561
  },
  "SIOUX FALLS": {
    "x": -279.2560646535911,
    "y": -227.191659957379
  },
  "M. ARDA BESKARDES": {
    "x": -245.71913155871547,
    "y": -263.1009471401247
  },
  "PEGGY SIEGAL": {
    "x": -207.6049159613522,
    "y": -294.1091614837591
  },
  "Bruce & Marsha Moskowitz Foundation": {
    "x": -165.62341358321498,
    "y": -319.638678624855
  },
  "Melanoma Research Alliance Foundation": {
    "x": -120.5566603815551,
    "y": -339.21393196277535
  },
  "Cancer Research Wellness Institute": {
    "x": -73.24416469894842,
    "y": -352.47027156563615
  },
  "NPO Baleto Teatras": {
    "x": -24.567268811281686,
    "y": -359.16075690859407
  },
  "VSJ Baleto Teatras": {
    "x": 24.567268811281558,
    "y": -359.16075690859407
  },
  "STACKMAN": {
    "x": 73.2441646989483,
    "y": -352.4702715656362
  },
  "NEED HELP": {
    "x": 120.55666038155498,
    "y": -339.2139319627754
  },
  "JUN 30": {
    "x": 165.62341358321484,
    "y": -319.63867862485506
  },
  "PRIMARY MODERATE": {
    "x": 207.6049159613521,
    "y": -294.1091614837592
  },
  "HALPERIN": {
    "x": 245.71913155871528,
    "y": -263.10094714012484
  },
  "BEN GOERTZEL": {
    "x": 279.25606465359107,